Account ,All Accounts
Timeframe,01/01/2025-31/03/2025
Transaction type,All Transactions
Investment name,All Investments
Valuations,"£10,000.00"

Order date,Completion date,Transaction type,Investments,Product Wrapper,Account Number,Source investment,Amount,Quantity,Price per unit,Reference Number,Status,
11 Feb 2025,13 Feb 2025,Buy,"ZZ UNDESCRIBED GLOBAL BOND FUND INC",Investment ISA,AS10000001,,500.00,40,12.50,1000000103,Completed,
11 Feb 2025,13 Feb 2025,Cash Out For Buy,"Cash",Investment ISA,AS10000001,,-500.00,500,1,1000000104,Completed,
10 Feb 2025,12 Feb 2025,Buy,"ZZ DESCRIBED GLOBAL EQUITY FUND ACC",Investment ISA,AS10000001,,1000.00,80,12.50,1000000101,Completed,
10 Feb 2025,12 Feb 2025,Cash Out For Buy,"Cash",Investment ISA,AS10000001,,-1000.00,1000,1,1000000102,Completed,
15 Jan 2025,15 Jan 2025,Transfer Into Account,"Cash",Investment ISA,AS10000001,,2000.00,2000,1,1000000105,Completed,
